

INSERT INTO users_group VALUES
(1,  "Customer", NULL, NULL, NOW(), NOW()),
(2,  "System Administrator", NULL, NULL, NOW(), NOW()),
(3,  "Vendor", NULL, NULL, NOW(), NOW()),
(4,  "Sekretaris", NULL, NULL, NOW(), NOW()),
(5,  "Ketua Umum", NULL, NULL, NOW(), NOW()),
(6,  "Pengawas", NULL, NULL, NOW(), NOW()),
(7,  "Supervisi", NULL, NULL, NOW(), NOW()),
(8,  "Bendahara", NULL, NULL, NOW(), NOW()),
(9,  "IT", NULL, NULL, NOW(), NOW()),
(10, "Marketing", NULL, NULL, NOW(), NOW()),
(11, "Design", NULL, NULL, NOW(), NOW()),
(12, "Warehouse", NULL, NULL, NOW(), NOW()),
(13, "Merchandising", NULL, NULL, NOW(), NOW()),
(14, "Public Relation", NULL, NULL, NOW(), NOW()),
(15, "Ubiz", NULL, NULL, NOW(), NOW());

INSERT INTO category VALUES
(1, "Totebag", NULL, NOW(), NOW()),
(2, "Stationary", NULL, NOW(), NOW()),
(3, "General Course Book", NULL, NOW(), NOW()),
(4, "Buku Tulis", NULL, NOW(), NOW()),
(5, "Identification", NULL, NOW(), NOW()),
(6, "Stickers", NULL, NOW(), NOW()),
(7, "Pin", NULL, NOW(), NOW()),
(8, "T-Shirt", NULL, NOW(), NOW()),
(9, "Hoodie", NULL, NOW(), NOW()),
(10, "Sweater", NULL, NOW(), NOW());

INSERT INTO users VALUES
(0, 3, "Old U-STORE",                "old.ustore@u-store.umn.ac.id", "$2y$10$tXscXGhLK6FCNYmpEW8isOYJwjwu/oR/2T3DqgHyfpdZI0.8qtdOm", NULL,               "00000000000", NULL, NULL, NULL, NULL, "eps0PYDV0it", NULL, NULL, NULL, NOW(), NOW()),
(0, 5, "Danny",                      "danny@student.umn.ac.id", "$2y$10$tXscXGhLK6FCNYmpEW8isOYJwjwu/oR/2T3DqgHyfpdZI0.8qtdOm", NULL,                    "00000014122", NULL, NULL, NULL, NULL, "RFO619Jt9dI", NULL, NULL, NULL, NOW(), NOW()),
(0, 5, "Oktavian Kamira",            "oktavian.kamira@student.umn.ac.id", "$2y$10$tXscXGhLK6FCNYmpEW8isOYJwjwu/oR/2T3DqgHyfpdZI0.8qtdOm", NULL,          "00000023466", NULL, NULL, NULL, NULL, "9reXV0TY013", NULL, NULL, NULL, NOW(), NOW()),
(0, 4, "Anastasia Verren Taswin",    "anastasia.taswin@student.umn.ac.id", "$2y$10$tXscXGhLK6FCNYmpEW8isOYJwjwu/oR/2T3DqgHyfpdZI0.8qtdOm", NULL,         "00000019328", NULL, NULL, NULL, NULL, "Gs4Gc3IgDcW", NULL, NULL, NULL, NOW(), NOW()),
(0, 8, "Verany Gunardi",             "verany.gunardi@student.umn.ac.id", "$2y$10$tXscXGhLK6FCNYmpEW8isOYJwjwu/oR/2T3DqgHyfpdZI0.8qtdOm", NULL,           "00000015321", NULL, NULL, NULL, NULL, "t36r9Z9rTd3", NULL, NULL, NULL, NOW(), NOW()),
(0, 8, "Veronika Sharon",            "veronika.sharon@student.umn.ac.id", "$2y$10$tXscXGhLK6FCNYmpEW8isOYJwjwu/oR/2T3DqgHyfpdZI0.8qtdOm", NULL,          "00000025903", NULL, NULL, NULL, NULL, "F39ePeFFV8V", NULL, NULL, NULL, NOW(), NOW()),
(0, 7, "Leon Christopher",           "leon.christopher@student.umn.ac.id", "$2y$10$tXscXGhLK6FCNYmpEW8isOYJwjwu/oR/2T3DqgHyfpdZI0.8qtdOm", NULL,         "00000015516", NULL, NULL, NULL, NULL, "0Dj3tGyt0Y0", NULL, NULL, NULL, NOW(), NOW()),
(0, 6, "Eunice Maureen Lidwina",     "eunice.lidwina@student.umn.ac.id", "$2y$10$tXscXGhLK6FCNYmpEW8isOYJwjwu/oR/2T3DqgHyfpdZI0.8qtdOm", NULL,           "00000013087", NULL, NULL, NULL, NULL, "13Wt3yiz0OI", NULL, NULL, NULL, NOW(), NOW()),
(0, 6, "Claudia Wianthy",            "claudia.wianthy@student.umn.ac.id", "$2y$10$tXscXGhLK6FCNYmpEW8isOYJwjwu/oR/2T3DqgHyfpdZI0.8qtdOm", NULL,          "00000026245", NULL, NULL, NULL, NULL, "BPTks9yXieg", NULL, NULL, NULL, NOW(), NOW()),
(0, 1, "Catherine Efrilianto",       "catherine.efrilianto@student.umn.ac.id", "$2y$10$tXscXGhLK6FCNYmpEW8isOYJwjwu/oR/2T3DqgHyfpdZI0.8qtdOm", NULL,     "00000013714", NULL, NULL, NULL, NULL, "Iz0VWZ901Vj", NULL, NULL, NULL, NOW(), NOW()),
(0, 1, "Angelia Chandra",            "angelia.chandra@student.umn.ac.id", "$2y$10$tXscXGhLK6FCNYmpEW8isOYJwjwu/oR/2T3DqgHyfpdZI0.8qtdOm", NULL,          "00000021163", NULL, NULL, NULL, NULL, "99dtpZ3zyI3", NULL, NULL, NULL, NOW(), NOW()),
(0, 1, "Daniel Rian Epranata",       "daniel.epranata@student.umn.ac.id", "$2y$10$tXscXGhLK6FCNYmpEW8isOYJwjwu/oR/2T3DqgHyfpdZI0.8qtdOm", NULL,          "00000023566", NULL, NULL, NULL, NULL, "61sB13Rj7DT", NULL, NULL, NULL, NOW(), NOW()),
(0, 1, "Delwyn Marli",               "delwyn.marli@student.umn.ac.id", "$2y$10$tXscXGhLK6FCNYmpEW8isOYJwjwu/oR/2T3DqgHyfpdZI0.8qtdOm", NULL,             "00000019137", NULL, NULL, NULL, NULL, "6I9B7rDV409", NULL, NULL, NULL, NOW(), NOW()),
(0, 1, "Natasya Chris Evelyn",       "natasya.evelyn@student.umn.ac.id", "$2y$10$tXscXGhLK6FCNYmpEW8isOYJwjwu/oR/2T3DqgHyfpdZI0.8qtdOm", NULL,           "00000027155", NULL, NULL, NULL, NULL, "37OdYI3pTDG", NULL, NULL, NULL, NOW(), NOW()),
(0, 1, "Yulie Sucitta Dewi",         "yulie.dewi@student.umn.ac.id", "$2y$10$tXscXGhLK6FCNYmpEW8isOYJwjwu/oR/2T3DqgHyfpdZI0.8qtdOm", NULL,               "00000020029", NULL, NULL, NULL, NULL, "0T6VZtRkj74", NULL, NULL, NULL, NOW(), NOW()),
(0, 1, "Sonya Angeline",             "sonya.angeline@student.umn.ac.id", "$2y$10$tXscXGhLK6FCNYmpEW8isOYJwjwu/oR/2T3DqgHyfpdZI0.8qtdOm", NULL,           "00000023568", NULL, NULL, NULL, NULL, "T6TB3Rc893q", NULL, NULL, NULL, NOW(), NOW()),
(0, 1, "Andre Wilson",               "andre.wilson@student.umn.ac.id", "$2y$10$tXscXGhLK6FCNYmpEW8isOYJwjwu/oR/2T3DqgHyfpdZI0.8qtdOm", NULL,             "00000019460", NULL, NULL, NULL, NULL, "9tyqi3344T3", NULL, NULL, NULL, NOW(), NOW()),
(0, 1, "Muhammad Fadhlirahman",      "muhammad.fadhlirahman@student.umn.ac.id", "$2y$10$tXscXGhLK6FCNYmpEW8isOYJwjwu/oR/2T3DqgHyfpdZI0.8qtdOm", NULL,    "00000017063", NULL, NULL, NULL, NULL, "9PVsqz60teJ", NULL, NULL, NULL, NOW(), NOW()),
(0, 1, "Olivia Christabel Hendy",    "olivia.hendy@student.umn.ac.id", "$2y$10$tXscXGhLK6FCNYmpEW8isOYJwjwu/oR/2T3DqgHyfpdZI0.8qtdOm", NULL,             "00000021750", NULL, NULL, NULL, NULL, "3g30WGz1pir", NULL, NULL, NULL, NOW(), NOW()),
(0, 1, "Tiffany Angeline Gunawan",   "tiffany.gunawan@student.umn.ac.id", "$2y$10$tXscXGhLK6FCNYmpEW8isOYJwjwu/oR/2T3DqgHyfpdZI0.8qtdOm", NULL,          "00000012869", NULL, NULL, NULL, NULL, "3yPzG94e0j4", NULL, NULL, NULL, NOW(), NOW()),
(0, 1, "Debora Novianty",            "debora.novianty@student.umn.ac.id", "$2y$10$tXscXGhLK6FCNYmpEW8isOYJwjwu/oR/2T3DqgHyfpdZI0.8qtdOm", NULL,          "00000017963", NULL, NULL, NULL, NULL, "iFsRqFPF4cV", NULL, NULL, NULL, NOW(), NOW()),
(0, 1, "Regina Gani",                "regina.gani@student.umn.ac.id", "$2y$10$tXscXGhLK6FCNYmpEW8isOYJwjwu/oR/2T3DqgHyfpdZI0.8qtdOm", NULL,              "00000010504", NULL, NULL, NULL, NULL, "tG4JIp60s9k", NULL, NULL, NULL, NOW(), NOW()),
(0, 1, "Dita Amelia",                "dita.amelia@student.umn.ac.id", "$2y$10$tXscXGhLK6FCNYmpEW8isOYJwjwu/oR/2T3DqgHyfpdZI0.8qtdOm", NULL,              "00000025849", NULL, NULL, NULL, NULL, "1jT6j0704dg", NULL, NULL, NULL, NOW(), NOW()),
(0, 1, "Cristi Ivania",              "cristi.ivania@student.umn.ac.id", "$2y$10$tXscXGhLK6FCNYmpEW8isOYJwjwu/oR/2T3DqgHyfpdZI0.8qtdOm", NULL,            "00000023498", NULL, NULL, NULL, NULL, "yPr0ri3TYTt", NULL, NULL, NULL, NOW(), NOW()),
(0, 1, "Patrick",                    "patrick@student.umn.ac.id", "$2y$10$tXscXGhLK6FCNYmpEW8isOYJwjwu/oR/2T3DqgHyfpdZI0.8qtdOm", NULL,                  "00000010320", NULL, NULL, NULL, NULL, "39qI6GrjiF1", NULL, NULL, NULL, NOW(), NOW()),
(0, 1, "Veren Stevany",              "veren.stevany@student.umn.ac.id", "$2y$10$tXscXGhLK6FCNYmpEW8isOYJwjwu/oR/2T3DqgHyfpdZI0.8qtdOm", NULL,            "00000013764", NULL, NULL, NULL, NULL, "3YiIgi19393", NULL, NULL, NULL, NOW(), NOW()),
(0, 1, "Maria Novena",               "maria.novena@student.umn.ac.id", "$2y$10$tXscXGhLK6FCNYmpEW8isOYJwjwu/oR/2T3DqgHyfpdZI0.8qtdOm", NULL,             "00000013353", NULL, NULL, NULL, NULL, "GsrWTsV3tIF", NULL, NULL, NULL, NOW(), NOW()),
(0, 1, "Donny",                      "donny@student.umn.ac.id", "$2y$10$tXscXGhLK6FCNYmpEW8isOYJwjwu/oR/2T3DqgHyfpdZI0.8qtdOm", NULL,                    "00000025861", NULL, NULL, NULL, NULL, "tBVs7T3W71d", NULL, NULL, NULL, NOW(), NOW()),
(0, 1, "Ivan Sebastian",             "ivan.sebastian@student.umn.ac.id", "$2y$10$tXscXGhLK6FCNYmpEW8isOYJwjwu/oR/2T3DqgHyfpdZI0.8qtdOm", NULL,           "00000009620", NULL, NULL, NULL, NULL, "dkXJ6j9sRVP", NULL, NULL, NULL, NOW(), NOW()),
(0, 9, "Jeremias Rama Wijaya",       "jeremias.wijaya@student.umn.ac.id", "$2y$10$tXscXGhLK6FCNYmpEW8isOYJwjwu/oR/2T3DqgHyfpdZI0.8qtdOm", NULL,          "00000009795", NULL, NULL, NULL, NULL, "c3yrJrpXs3y", NULL, NULL, NULL, NOW(), NOW()),
(0, 9, "Wilson Philips",             "wilson.philips@student.umn.ac.id", "$2y$10$tXscXGhLK6FCNYmpEW8isOYJwjwu/oR/2T3DqgHyfpdZI0.8qtdOm", NULL,           "00000019916", NULL, NULL, NULL, NULL, "00ItDIVepg3", NULL, NULL, NULL, NOW(), NOW()),
(0, 9, "Sandro Owen",                "sandro.owen@student.umn.ac.id", "$2y$10$tXscXGhLK6FCNYmpEW8isOYJwjwu/oR/2T3DqgHyfpdZI0.8qtdOm", NULL,              "00000025345", NULL, NULL, NULL, NULL, "Gkr7XF93YsG", NULL, NULL, NULL, NOW(), NOW()),
(0, 9, "Anthonny",                   "anthonny@student.umn.ac.id", "$2y$10$tXscXGhLK6FCNYmpEW8isOYJwjwu/oR/2T3DqgHyfpdZI0.8qtdOm", NULL,                 "00000011623", NULL, NULL, NULL, NULL, "9tGpXrzrqPV", NULL, NULL, NULL, NOW(), NOW()),
(0, 9, "Dian Pratama",               "dian.pratama@student.umn.ac.id", "$2y$10$tXscXGhLK6FCNYmpEW8isOYJwjwu/oR/2T3DqgHyfpdZI0.8qtdOm", NULL,             "00000025884", NULL, NULL, NULL, NULL, "zeXWGDRrIWt", NULL, NULL, NULL, NOW(), NOW()),
(0, 1, "Sidharta Anugerah Prabawa",  "sidharta.prabawa@student.umn.ac.id", "$2y$10$tXscXGhLK6FCNYmpEW8isOYJwjwu/oR/2T3DqgHyfpdZI0.8qtdOm", NULL,         "00000009195", NULL, NULL, NULL, NULL, "609PF9GDc0c", NULL, NULL, NULL, NOW(), NOW()),
(0, 1, "Stefanus Ivan Siswanto",     "stefanus.siswanto@student.umn.ac.id", "$2y$10$tXscXGhLK6FCNYmpEW8isOYJwjwu/oR/2T3DqgHyfpdZI0.8qtdOm", NULL,        "00000023459", NULL, NULL, NULL, NULL, "333JTWPqR34", NULL, NULL, NULL, NOW(), NOW()),
(0, 1, "Christina Widjaya",          "christina.widjaya@student.umn.ac.id", "$2y$10$tXscXGhLK6FCNYmpEW8isOYJwjwu/oR/2T3DqgHyfpdZI0.8qtdOm", NULL,        "00000020080", NULL, NULL, NULL, NULL, "WBt76ikg3t4", NULL, NULL, NULL, NOW(), NOW()),
(0, 1, "Cindy Michelle",             "cindy.michelle@student.umn.ac.id", "$2y$10$tXscXGhLK6FCNYmpEW8isOYJwjwu/oR/2T3DqgHyfpdZI0.8qtdOm", NULL,           "00000016358", NULL, NULL, NULL, NULL, "TFj0G38Vptz", NULL, NULL, NULL, NOW(), NOW()),
(0, 1, "Malvin Deri",             	 "malvin.deri@student.umn.ac.id", "$2y$10$tXscXGhLK6FCNYmpEW8isOYJwjwu/oR/2T3DqgHyfpdZI0.8qtdOm", NULL,              "00000000000", NULL, NULL, NULL, NULL, "9B3tOI7qr00", NULL, NULL, NULL, NOW(), NOW()),
(0, 1, "Bram Sapusepa",              "bram.sapusepa@student.umn.ac.id", "$2y$10$tXscXGhLK6FCNYmpEW8isOYJwjwu/oR/2T3DqgHyfpdZI0.8qtdOm", NULL,            "00000000000", NULL, NULL, NULL, NULL, "t3rB0VqI0Te", NULL, NULL, NULL, NOW(), NOW()),
(0, 1, "Josephine Margareta",        "josephine.margareta@student.umn.ac.id", "$2y$10$tXscXGhLK6FCNYmpEW8isOYJwjwu/oR/2T3DqgHyfpdZI0.8qtdOm", NULL,      "00000000000", NULL, NULL, NULL, NULL, "3sq3tsXO8c0", NULL, NULL, NULL, NOW(), NOW()),
(0, 1, "Merryta Djakaria",        	 "merryta.djakaria@student.umn.ac.id", "$2y$10$tXscXGhLK6FCNYmpEW8isOYJwjwu/oR/2T3DqgHyfpdZI0.8qtdOm", NULL,         "00000000000", NULL, NULL, NULL, NULL, "6dV6Gkrr3OX", NULL, NULL, NULL, NOW(), NOW());

INSERT INTO products VALUES
(1,"5725749700015","Totebag UMN",NULL,20000,NULL,1,1,1,1,NULL,NOW(),NOW()),
(2,"5725749700022","Totebag Kompas UMN",NULL,20000,NULL,1,1,1,1,NULL,NOW(),NOW()),
(3,"5725749700039","Totebag Batik",NULL,25000,NULL,1,1,68,1,NULL,NOW(),NOW()),
(4,"5725749700043","Tas Serut Butuh Tidur",NULL,40000,NULL,1,1,14,1,NULL,NOW(),NOW()),
(5,"5725749700055","Notebook UMN",NULL,30000,NULL,1,4,18,1,NULL,NOW(),NOW()),
(6,"5725749700060","Sticky Note UMN",NULL,20000,NULL,1,2,12,1,NULL,NOW(),NOW()),
(7,"5725749700077","Pulpen Laser Putih",NULL,20000,NULL,1,2,14,1,NULL,NOW(),NOW()),
(8,"5725749700084","Buku Cost Accounting",NULL,0,NULL,1,3,5,1,NULL,NOW(),NOW()),
(9,"5725749700091","Buku Real Reading Writing",NULL,0,NULL,1,3,3,1,NULL,NOW(),NOW()),
(10,"5725749700107","Pensil Faber Castle",NULL,3000,NULL,1,2,9,1,NULL,NOW(),NOW()),
(11,"5725749700114","Binder Maroon Besar Merah Maroon",NULL,0,NULL,1,4,1,1,NULL,NOW(),NOW()),
(12,"5725749700121","Binder Maroon Kecil Merah Maroon",NULL,0,NULL,1,4,1,1,NULL,NOW(),NOW()),
(13,"5725749700138","Binder Putih Kecil Putih",NULL,0,NULL,1,4,1,1,NULL,NOW(),NOW()),
(14,"5725749700145","Card Holder Hitam",NULL,10000,NULL,1,5,92,1,NULL,NOW(),NOW()),
(15,"5725749700152","Isi Binder",NULL,10000,NULL,1,4,2,1,NULL,NOW(),NOW()),
(16,"5725749700169","Penghapus",NULL,3000,NULL,1,2,16,1,NULL,NOW(),NOW()),
(17,"5725749700176","Lanyard UMN",NULL,10000,NULL,1,5,92,1,NULL,NOW(),NOW()),
(18,"5725749700183","Sticker UMN Pink",NULL,5000,NULL,1,6,41,1,NULL,NOW(),NOW()),
(19,"5725749700190","Sticker UMN Biru Tosca",NULL,5000,NULL,1,6,47,1,NULL,NOW(),NOW()),
(20,"5725749700206","Sticker UMN Navy",NULL,5000,NULL,1,6,29,1,NULL,NOW(),NOW()),
(21,"5725749700213","Sticker UMN Hitam",NULL,5000,NULL,1,6,11,1,NULL,NOW(),NOW()),
(22,"5725749700220","Sticker UMN Abu - Abu",NULL,5000,NULL,1,6,38,1,NULL,NOW(),NOW()),
(23,"5725749700237","Pin UMN Putih",NULL,5000,NULL,1,7,15,1,NULL,NOW(),NOW()),
(24,"5725749700244","Pin UMN Hitam",NULL,5000,NULL,1,7,25,1,NULL,NOW(),NOW()),
(25,"5725749700251","Pin UMN Navy",NULL,5000,NULL,1,7,1,1,NULL,NOW(),NOW()),
(26,"5725749700268","Pin Ujian Tetep Slow Hijau",NULL,5000,NULL,1,7,48,1,NULL,NOW(),NOW()),
(27,"5725749700275","Pin Udah Tidur Sedikit Biru Muda",NULL,5000,NULL,1,7,25,1,NULL,NOW(),NOW()),
(28,"5725749700282","Pin Bukan Maba",NULL,5000,NULL,1,7,16,1,NULL,NOW(),NOW()),
(29,"5725749700299","Baju Sport (1 set) Biru",NULL,80000,NULL,1,8,1,1,NULL,NOW(),NOW()),
(30,"5725749700305","Baju Sport (1 set) Orange",NULL,80000,NULL,1,8,1,1,NULL,NOW(),NOW()),
(31,"5725749700312","Baju Batik",NULL,50000,NULL,1,8,12,1,NULL,NOW(),NOW()),
(32,"5725749700329","Baju Dikejar Deadline Hitam M",NULL,55000,NULL,1,8,1,1,NULL,NOW(),NOW()),
(33,"5725749700336","Baju Excellent Career Hijau S",NULL,55000,NULL,1,8,1,1,NULL,NOW(),NOW()),
(34,"5725749700343","Baju Excellent Career Hijau L",NULL,55000,NULL,1,8,1,1,NULL,NOW(),NOW()),
(35,"5725749700350","Kaos UMN Navy S",NULL,55000,NULL,1,8,8,1,NULL,NOW(),NOW()),
(36,"5725749700367","Kaos UMN Navy M",NULL,55000,NULL,1,8,10,1,NULL,NOW(),NOW()),
(37,"5725749700374","Kaos UMN Navy L",NULL,55000,NULL,1,8,9,1,NULL,NOW(),NOW()),
(42,"5725749700428","Kaos Santa Merah Maroon S",NULL,40000,NULL,1,8,5,1,NULL,NOW(),NOW()),
(43,"5725749700435","Kaos Santa Merah Maroon M",NULL,40000,NULL,1,8,12,1,NULL,NOW(),NOW()),
(44,"5725749700442","Kaos Santa Merah Maroon L",NULL,40000,NULL,1,8,7,1,NULL,NOW(),NOW()),
(45,"5725749700459","Kaos Santa Merah Maroon XL",NULL,40000,NULL,1,8,5,1,NULL,NOW(),NOW()),
(46,"5725749700466","Kaos Polo Hitam M",NULL,35000,NULL,1,8,31,1,NULL,NOW(),NOW()),
(47,"5725749700473","Kaos Polo Hitam L",NULL,35000,NULL,1,8,31,1,NULL,NOW(),NOW()),
(48,"5725749700480","Kaos Excellent Career Hijau S",NULL,45000,NULL,1,8,3,1,NULL,NOW(),NOW()),
(49,"5725749700497","Kaos Excellent Career Hijau M",NULL,45000,NULL,1,8,13,1,NULL,NOW(),NOW()),
(50,"5725749700503","Kaos Excellent Career Hijau L",NULL,45000,NULL,1,8,17,1,NULL,NOW(),NOW()),
(51,"5725749700510","Kaos Excellent Career Hijau XL",NULL,45000,NULL,1,8,5,1,NULL,NOW(),NOW()),
(52,"5725749700527","Kaos Excellent Career Hijau XXL",NULL,45000,NULL,1,8,1,1,NULL,NOW(),NOW()),
(53,"5725749700534","Hoodie X UMN Navy XXXL",NULL,150000,NULL,1,9,2,1,NULL,NOW(),NOW()),
(54,"5725749700541","Hoodie X UMN Abu - Abu XXL",NULL,150000,NULL,1,9,1,1,NULL,NOW(),NOW()),
(55,"5725749700558","Sweater X UMN Navy XXL",NULL,145000,NULL,1,10,2,1,NULL,NOW(),NOW()),
(56,"5725749700565","Sweater X UMN Abu - Abu XL",NULL,145000,NULL,1,10,1,1,NULL,NOW(),NOW()),
(57,"5725749700572","Sweater X UMN Abu - Abu Tua M",NULL,145000,NULL,1,10,1,1,NULL,NOW(),NOW()),
(58,"5725749700589","Sweater X UMN Abu - Abu Tua XL",NULL,145000,NULL,1,10,2,1,NULL,NOW(),NOW()),
(59,"5725749700596","Sweater Multimedia is Me Abu - Abu L",NULL,145000,NULL,1,10,1,1,NULL,NOW(),NOW());

INSERT INTO purchase (staff_id,customer_id,created_at,updated_at) VALUES
(35,42,'2017-11-01 00:00:00','2017-11-01 00:00:00'),
(34,41,'2017-11-03 00:00:00','2017-11-03 00:00:00'),
(10,40,'2017-12-03 00:00:00','2017-12-03 00:00:00'),
(10,39,'2017-12-03 00:00:10','2017-12-03 00:00:10'),
(4,42,'2017-12-05 00:00:00','2017-12-05 00:00:00'),
(7,39,'2018-02-05 00:00:00','2018-02-05 00:00:00'),
(10,41,'2018-02-08 00:00:00','2018-02-08 00:00:00');

INSERT INTO purchase_detail (purchase_id,product_id,qty) VALUES
(1,22,2),
(1,3,2),
(2,4,1),
(2,52,1),
(2,50,2),
(2,59,1),
(3,56,1),
(3,26,2),
(3,47,1),
(4,7,1),
(4,10,3),
(5,16,5),
(6,42,3),
(7,19,3),
(7,26,1),
(7,22,10);
